Alex,Sims
Nathan,Nixon
Aimee,Marsh
Sam,Burgess
Eve,Wade
Noah,Griffin
Erin,Nicholson
Louie,Gill
Isaac,Cameron
Lucy,Gilbert
Louise,Godfrey
Abby,Hopkins
Ruby,Henry
Georgina,Jackson
Sophie,Harper
Nicholas,Parsons
Melissa,Douglas
Brandon,Watson
Keira,Nicholls
James,Pugh
James,Hobbs
Dylan,Gill
Charlie,Godfrey
Bailey,Curtis
Yasmin,Coates
Faith,Talbot
Charlie,Gould
Sebastian,Collier
Kiera,Saunders
Summer,Gardiner
Morgan,Coleman
Charlie,Patel
Samantha,Dixon
Alfie,Field
Daisy,Osborne
Michael,Allen
Kieran,McLean
Eleanor,Bates
Josh,Webb
Luca,Knight
Katie,Foster
Leon,Rahman
Phoebe,Gordon
Laura,Khan
Jasmine,Fleming
Jay,Carter
Leah,Barker
Ava,Donnelly
Joe,Butler
Luke,Stanley
Shannon,Clayton
Zoe,Newman
Adam,Shaw
Alicia,Griffiths
Alexandra,Chambers
Owen,Day
Benjamin,Rowe
Lauren,Douglas
Matthew,Whittaker
Emma,Charlton
Leo,Willis
Mohammed,Bond
Courtney,Fisher
Courtney,Palmer
Sean,Ward
Bradley,Hicks
Kian,Riley
Callum,Barton
Madison,Greenwood
Amelie,Perkins
Muhammad,Holt
Katherine,Hawkins
Elise,Mason
Ben,Hall
Skye,Graham
Toby,Garner
Connor,Kirk
Mollie,Potter
Ella,Kent
Rachel,Hart
Madison,Thomson
Henry,Allan
Zara,Hanson
Rachel,Norman
Lauren,Rhodes
Mohammad,Vincent
Charlie,White
Spencer,Cook
Alice,Chapman
Leon,Hilton
Max,Schofield
Elizabeth,Ryan
Ethan,Harrison
Taylor,Foster
Dominic,Robertson
Hannah,George
Lucy,Houghton
Matthew,Morton
Freya,Murphy
Daniel,Rice
Abby,Turnbull
Grace,Brennan
Zak,Burgess
Joel,Norman
Noah,Clark
Thomas,Atkinson
Joel,Wood
Maddison,Burke
Joe,Barrett
Abbie,Bates
Max,Booth
Ewan,Frost
Nicole,Fraser
Archie,Bond
Lara,Gibbons
Daniel,Bull
Jessica,Chandler
David,Rose
Abigail,Barlow
Lilly,Wheeler
Jennifer,Parkin
Taylor,John
Ellie,Pearce
Max,Baxter
Ellis,Bibi
Nathan,Watts
Taylor,Edwards
Morgan,Fox
Rachel,Goodwin
Harrison,Summers
George,Howells
Freya,Donnelly
Gracie,Hudson
Zachary,Hicks
Niamh,Booth
Sophie,Long
Sebastian,Short
Emily,Phillips
Jasmine,Marsden
Scarlett,Dean
Zoe,Hunter
Joe,Welch
Jayden,Knight
Alisha,Bibi
Millie,Fleming
Zachary,Wade
Tom,Thornton
Mia,Wong
Kian,Wilson
Dominic,Iqbal
Harriet,Ahmed
Georgina,Browne
Maya,Gray
Yasmin,Bennett
Evan,Parker
Zara,Allen
Anna,Holmes
Ewan,Shaw
Jack,Higgins
Joel,Bentley
Katie,Warner
Josh,Faulkner
Scott,Tucker
Harriet,Noble
Madeleine,Pearson
Phoebe,Barber
Cameron,Benson
Chloe,Read
Amelia,Dunn
Lydia,Green
Leon,Glover
Zoe,Coates
Cameron,Andrews
Alexander,Storey
Ethan,Leach
Harry,Butcher
Sam,Watson
Kai,Donnelly
Harriet,Owen
George,Nixon
Ewan,Rhodes
Aaliyah,Armstrong
Charlie,Briggs
Logan,Fraser
Reece,Cunningham
Jade,Griffin
Sean,Rogers
Emma,Fox
Aidan,Burgess
Robert,Brookes
Francesca,Pearce
Lewis,McKenzie
Kayleigh,Chan
Eve,Day
Millie,Ward
Jamie,Lucas
Kyle,Green
Daniel,Alexander
Nicole,Simpson
Summer,Armstrong
Paige,Sinclair
Leah,Parker
Demi,Craig
Jade,McLean
Hayden,Baxter
Grace,McDonald
Caitlin,Parker
Henry,Jordan
Victoria,Stewart
Mohammed,Glover
Abby,Sykes
Paige,Barnes
Matthew,Cross
Matthew,Webb
Adam,Boyle
Lola,Chadwick
Toby,Ahmed
James,Connor
Elise,Williams
Freddie,Chambers
Katie,Bowen
Logan,Thomas
Zara,Page
Sean,Preston
Mohammad,Archer
Abby,Gardner
Joshua,Dawson
James,Whitehead
Eve,Welch
Alicia,Leonard
Sebastian,Gill
Liam,Hope
Kyle,Harrison
Isobel,Thorpe
Joel,Kaur
Chelsea,Booth
Kian,Vaughan
Shannon,Webb
Lilly,Stewart
Abbie,Simpson
Morgan,Clements
Tyler,Pratt
Yasmin,Pratt
Laura,Hewitt
Madeleine,Metcalfe
Daniel,Singh
Bethany,Wheeler
Harry,Houghton
Aaliyah,Palmer
Abby,McCarthy
Robert,Preston
Leon,Begum
Ben,John
Kieran,Rhodes
Dylan,McDonald
Anna,Mellor
Mohammed,Davey
Faith,Rahman
Madeleine,Farrell
Abbie,Parkes
Abbie,Bishop
Brooke,Iqbal
Summer,Shaw
Danielle,Oliver
James,Douglas
Abbie,Dickinson
Imogen,Barnett
Sarah,Barlow
Aaron,Dixon
Ben,Nolan
Joseph,Palmer
Sophie,Owens
Natasha,Ferguson
Tom,Holmes
Cerys,Bishop
Paige,Sykes
Isaac,Reed
Emma,Phillips
Morgan,Chapman
Libby,Connor
Mia,O'Brien
Harry,Webster
Mia,Allen
Alex,Bowen
Jordan,Saunders
Alexandra,Whitehead
Charlie,Doherty
Lara,McCarthy
Courtney,Begum
Nicole,Stevens
Lola,Yates
Elizabeth,Kemp
Alicia,Pugh
Lucy,McDonald
Scarlett,Burrows
Abby,Grant
Evan,Brady
Abby,Macdonald
Oscar,Waters
Muhammad,Carpenter
Harrison,Myers
Isabel,Whitehouse
Cameron,Baker
Daniel,Gray
Courtney,Cole
Cerys,Fletcher
Sophia,Kelly
Madeleine,Parkes
Hannah,Coates
Gabriel,Hammond
Ryan,Craig
Lilly,Hammond
Sophia,Foster
Molly,Whitehouse
Thomas,Bishop
Abbie,Baldwin
Aaron,Craig
Hollie,Gray
Erin,McLean
Madison,Harris
Dylan,Short
Jake,Nicholson
Chelsea,Rowley
Rachel,Lyons
Declan,Moss
Matilda,Stevens
Andrew,Lucas
Jonathan,Smith
Ellie,Black
Owen,Barnett
Louie,Glover
Elliot,Wade
Jessica,Norton
Zak,Harris
Louise,Duffy
George,Parkin
Ellie,Webster
Liam,Clark
Harley,Burke
Nicholas,North
Harvey,Hale
Lucy,Cooke
Joe,Pollard
Kieran,Law
Luke,Sykes
Jack,Henry
Finlay,Daniels
Phoebe,Rhodes
Freya,Law
Ella,Oliver
Mohammed,Griffiths
Louie,Grant
Dylan,Day
Melissa,Green
Chloe,Manning
Joseph,Goodwin
Harley,Harding
Lara,Austin
Elise,Potts
Elizabeth,Power
Jayden,Nelson
Aaron,Stevenson
Isobel,Fry
Toby,Lamb
Finlay,Rowe
Kyle,Henderson
Spencer,Hanson
Declan,Thomas
Zara,Storey
Mohammad,Hilton
Daniel,Connolly
Emma,Bentley
Megan,Holloway
Daisy,Burke
Eva,Lloyd
George,Donnelly
Mia,Pritchard
Josh,Bennett
George,Murphy
Sean,Austin
Alice,Porter
Isobel,Kirby
Faith,Shah
Zak,Townsend
Tia,Robinson
Christopher,Clarke
Callum,Stanley
Harvey,Patel
Max,Bradshaw
Kieran,Wall
Amber,Hughes
Mohammad,Houghton
Jonathan,Wheeler
Isobel,Pope
Leon,Dunn
Leon,Potts
Alfie,Hughes
Holly,Lane
Dominic,Kemp
Robert,Stephens
Lily,Dyer
Tom,Noble
Archie,Knight
Kayleigh,Griffiths
Melissa,Tomlinson
Kai,Rees
Finley,O'Brien
Eva,Owens
Kian,Gallagher
Sophia,Lambert
Kieran,Tucker
Elise,Connor
Imogen,Connolly
Robert,Sharpe
Hollie,Hawkins
Joseph,Brady
Olivia,Parsons
James,Owens
Zoe,Stokes
Lauren,Barlow
Elliot,Wright
Hannah,Houghton
Keira,John
Amelie,Rees
Kian,McLean
Charles,Pickering
Alex,Walters
Luke,Ahmed
Nicole,Fox
Isabella,Lloyd
Riley,Perkins
Kyle,Richards
Demi,Chamberlain
Oscar,Perkins
Toby,Nelson
Lara,Naylor
Abby,Murphy
Niamh,Carr
Archie,Flynn
Bailey,Daly
Demi,Wallace
Victoria,Bolton
Louis,Williamson
Jamie,Watts
Corey,Bates
Rachel,Field
Mohammed,Newman
Zoe,King
Tegan,Hughes
Kyle,Barber
Aidan,Alexander
Bradley,Roberts
Jayden,Mistry
Nicole,Barrett
Owen,Mellor
Jennifer,Bishop
Joshua,Lawrence
Joe,Gray
Isabelle,Stewart
Jake,Price
Tyler,Davies
Lilly,Mann
Jay,Rees
Dominic,Bibi
Mohammed,Briggs
Louis,Daly
Kai,Harper
Abigail,Hicks
Harriet,Stevenson
Benjamin,Walsh
Nicholas,White
Joshua,Storey
Imogen,Coates
Matthew,Robertson
Jennifer,Stanley
Zak,Randall
Nicole,Lee
Mia,Glover
Toby,Kay
Phoebe,Shah
Jamie,Power
Lola,Green
Harriet,Atkinson
Jack,Wallis
Jake,Lambert
Lily,Middleton
Benjamin,Edwards
Charles,Moran
Hannah,Rhodes
Nicholas,Lawson
Patrick,Cunningham
Reece,Talbot
Aaliyah,Jennings
Daniel,Leach
Jack,Bond
Jonathan,Turner
Sean,Mason
Isabelle,Bray
Muhammad,Skinner
Louis,Clements
Faith,Mahmood
Madison,Barber
Katie,Burgess
Kieran,Burrows
Freddie,Pearce
Finlay,Hooper
Zoe,Brennan
Connor,Palmer
Anna,Pope
Nathan,Hunter
Tom,Norton
Peter,Gardner
Rebecca,Talbot
Finlay,Wheeler
Dylan,Kay
Niamh,James
Madison,Turnbull
Paige,Charlton
Riley,Scott
Holly,Wilson
Imogen,Abbott
Brooke,Hunt
Lydia,Payne
Finley,Horton
Finlay,Bell
Lily,Hart
Michael,Stanley
Jodie,Morrison
Mason,Morgan
Callum,Perry
Charles,Sinclair
Peter,Hutchinson
Paige,Bull
Sienna,O'Brien
Ellie,O'Brien
Lilly,Barton
Oscar,Clayton
Grace,Pearson
Dominic,Clayton
Anthony,Whitehead
Alicia,Rowe
Olivia,Nixon
Sophia,Woods
Emily,Pollard
Caitlin,Humphreys
Edward,Kelly
Amelia,Stanley
Kyle,Shepherd
Sarah,Frost
Mohammad,Moss
Bethany,Williamson
Summer,Willis
Alisha,Brown
Logan,Wright
Mason,Conway
Isaac,Blake
Lewis,Parry
Christopher,Blackburn
Connor,Bibi
Louise,Pickering
Millie,Humphreys
Aimee,Ellis
Lucas,Franklin
Jack,Chan
Zachary,Wallace
Charlie,Gibbons
Ryan,Sharpe
Faith,Bell
Finley,Saunders
Amber,Bruce
Elliot,Nelson
Lauren,Hunter
Joseph,Blake
Zara,Wells
Isobel,Douglas
Luca,Thornton
Cerys,Briggs
Charles,Barber
Jennifer,Baldwin
Max,Duncan
Louis,Myers
Finlay,Lawson
Isabella,Bruce
Andrew,Cole
Oliver,Hopkins
Kayleigh,Mellor
Aidan,Greenwood
Louis,Baxter
Ella,Gardner
Zara,Saunders
Sarah,Thorpe
Alex,Harrison
Georgia,King
Madeleine,Howe
Max,Cox
Jake,Lawrence
Jamie,Waters
Lilly,Foster
Poppy,Stanley
Anthony,Bond
Finlay,Morgan
Lola,Hanson
Abbie,Pollard
Lily,Law
Gracie,Harris
Lauren,Stephenson
Isobel,Howell
Dylan,Birch
Spencer,Dean
Abby,Green
Zachary,Davidson
Olivia,Birch
Hayden,Douglas
Callum,Leach
Spencer,Henry
Katie,Daly
Zachary,Hart
Lewis,Naylor
Zachary,Noble
Nathan,Mann
Anthony,Sharp
John,Harvey
Harriet,Porter
Kian,Hayes
Elliot,Gordon
Mia,Hurst
Jack,Briggs
Kate,Scott
James,Whitehead
Bradley,Summers
Katherine,Gill
Madison,Myers
Callum,Gough
Isabella,Thorpe
Edward,Willis
Muhammad,Ingram
Christopher,Parsons
Cameron,Thomson
Alexander,Lambert
Mia,Atkinson
Demi,Middleton
Finlay,Steele
Ava,Turner
Natasha,Dodd
Nicholas,Pratt
Benjamin,Henry
Muhammad,Coles
Holly,Carey
Michael,Douglas
Jack,Garner
Niamh,Lewis
Lara,Waters
Ava,Berry
Ewan,Hancock
Connor,Miles
Isabelle,Pratt
Joshua,Humphreys
Billy,Reeves
Luca,Robertson
Summer,Bennett
Jodie,Byrne
Josh,Saunders
Grace,Craig
Abby,Morgan
Alisha,Carey
Yasmin,Morley
Dylan,Hussain
Oscar,Williams
Spencer,Reeves
Olivia,Burns
Skye,Winter
Erin,Campbell
Jude,Pugh
Sophie,Myers
Connor,Gibbons
Adam,Mills
Amelie,Day
Max,Sykes
Eve,Heath
Sophia,Wallis
Rebecca,Walsh
Adam,Andrews
Jay,Barry
Abby,Doyle
Luke,Parkin
Georgia,Barnes
Brooke,Law
Aimee,Woodward
Demi,Whitehouse
Daisy,Thomson
Mohammad,Alexander
Lola,Pickering
Charlie,Bevan
Jayden,Shah
Sophie,Herbert
Zak,Wade
Kyle,Stanley
Georgina,Brady
Harvey,Murphy
George,Saunders
Mollie,Conway
Charlie,Myers
Elise,French
Jordan,Dawson
Ella,Hancock
Caitlin,Khan
Jonathan,Hayward
Poppy,Read
Alisha,Winter
Sebastian,Marshall
Finlay,Fitzgerald
Lucy,Austin
Elliot,Cartwright
Louis,Metcalfe
Bradley,Vincent
Paige,Hilton
Francesca,Rees
Eva,Coates
Patrick,Pickering
Sienna,Elliott
Ethan,Long
Charlie,Glover
Ava,Williams
Louis,Campbell
Eleanor,Storey
Chloe,Riley
Emily,Gardner
Georgia,Norris
Poppy,McCarthy
Edward,Harding
Rhys,Wall
Eva,Slater
Bradley,Morris
Louise,Patterson
Corey,Holt
Reece,Black
Alice,Thorpe
Lydia,Fitzgerald
Georgia,Chadwick
Alicia,Smith
Kieran,Howell
Isabel,Fitzgerald
Dominic,Baldwin
Mason,Joyce
Louie,Sanderson
Morgan,Tyler
Naomi,Barnett
Naomi,Leach
Anthony,Daly
Ryan,Day
Cameron,Bell
Victoria,Booth
Riley,Manning
Jessica,Chadwick
Katherine,Stephens
Emily,Harvey
Charlie,Whitehead
Millie,Russell
Leo,North
Anna,Horton
Amy,Ford
Cerys,Macdonald
Jay,Fox
Aaron,Bruce
Tyler,Pugh
Georgia,Glover
Amy,Hopkins
Shannon,Ferguson
Grace,Bond
Corey,Andrews
Isobel,Holden
Ellie,Swift
Joshua,Forster
Daniel,Adams
Naomi,Cross
Freddie,Little
Max,Wall
Isaac,Read
Louis,Jackson
Luca,Gordon
Liam,Clarke
Sam,Ali
Jodie,Dunn
Zara,Nixon
Joe,Lowe
Jake,Bartlett
Aimee,Dobson
Maya,Thorpe
Joseph,Bradshaw
Aaliyah,Kerr
William,Power
Josh,Mills
Isaac,Parkes
Lily,Fox
Amelia,Hicks
Callum,Armstrong
Lauren,Lees
Kiera,Potts
Leah,French
Lucy,Naylor
Edward,Carpenter
Joshua,Woods
Brooke,Burns
Tia,Page
Laura,Williams
Oscar,Singh
Freya,Warner
Bailey,Power
Freya,Hancock
Daisy,Turnbull
Jayden,Simpson
Sofia,Walsh
Callum,Gardiner
Sarah,Dennis
Leo,Sharp
Tyler,Field
Amelia,Smith
Sofia,Ball
James,Gregory
Olivia,Parsons
Andrew,Dale
Eve,Hughes
Sophia,Dale
Elizabeth,Conway
Scott,Storey
Anna,Preston
Callum,Peacock
Skye,Allan
Alexandra,Whitehead
Tegan,Law
Gabriel,Woods
Aaron,Hunt
Max,Thompson
Amelie,Boyle
Freya,Alexander
Caitlin,Craig
Madison,Connor
Robert,Chambers
Harrison,Quinn
Aaliyah,Hopkins
Rebecca,Pickering
Maya,Howarth
Josh,Bevan
Paige,Pope
Logan,Hardy
Elizabeth,Anderson
Liam,Riley
Leo,Williamson
Kiera,Flynn
Erin,Sharp
Faith,Hunter
Kai,Thornton
Samuel,Duffy
Maisie,Walters
Lily,Morris
Eloise,Walsh
Ellis,Thompson
Holly,Dean
Kyle,Potts
Dominic,O'Sullivan
Maddison,Cross
Michael,Bowen
Molly,Bell
Eloise,Barker
Tia,Lynch
Erin,Miles
Mohammed,Stewart
Peter,Davison
Christopher,Hayes
Isaac,Fisher
Joshua,Cunningham
Laura,Sheppard
Mollie,Vaughan
Alicia,Nixon
Freddie,Farmer
Declan,Potts
Sean,Waters
Maya,Lloyd
Sofia,Fry
Jay,Sheppard
Ewan,Burke
Owen,Parkes
Danielle,Spencer
Emily,Charlton
Billy,Clark
Mollie,Law
Maddison,Doherty
Daniel,Morton
Sofia,Bell
Max,Hilton
Bethany,Kerr
Louie,Connolly
Amber,Steele
Dylan,Pearson
Zachary,Jordan
Naomi,Davies
Tegan,Gibson
Connor,Wood
Katie,Fowler
Mohammed,Russell
Noah,Chambers
Samantha,Edwards
Tia,Peacock
Natasha,Herbert
Rhys,Saunders
Isaac,Freeman
Ellis,Watts
Ryan,Duncan
Libby,Myers
Spencer,Freeman
Michael,Mellor
Alex,Kemp
James,Long
Spencer,Simpson
Kyle,Hilton
Amelie,Whitehead
Liam,White
Owen,Bryan
Mohammed,Bull
Lucy,Pearce
Kayleigh,Payne
Grace,Byrne
Bethany,Hopkins
Georgina,Godfrey
Erin,Russell
Bethany,Field
Zachary,Briggs
Sofia,Hunter
Sam,Swift
Jennifer,Hart
Holly,Joyce
David,Richardson
Erin,Fraser
Georgina,Higgins
Louise,Cunningham
Joe,Bryan
Morgan,Matthews
Louise,Bray
William,Price
Louise,Banks
Imogen,Myers
Jonathan,Sullivan
Luca,Gibson
Charlie,Hayes
Aaliyah,Hale
Hayden,Gibson
Freya,Stevens
Ruby,Saunders
Mohammed,White
Noah,Duncan
Dylan,Robson
Louie,Whittaker
Anthony,Kemp
Samantha,Collier
Mohammad,Waters
Danielle,Moss
Leah,Clements
Jennifer,Richards
Katie,Little
Kayleigh,Connor
Ewan,Bryant
Harry,Duffy
Louis,Blackburn
Isobel,Wall
Paige,Archer
Lucy,Hill
Millie,Schofield
Anthony,Saunders
Michael,Wright
Jodie,Chadwick
Alexander,O'Connor
Alexandra,Atkinson
Madeleine,George
Jessica,Lee
Abigail,Jenkins
Holly,Reynolds
Connor,Murphy
Joshua,Whitehouse
Jamie,Sinclair
Louie,Ashton
Liam,Sims
Daniel,Cooke
Scarlett,Higgins
Evan,Carter
Owen,Spencer
Spencer,Shaw
Matthew,Ryan
Yasmin,Wilkins
Alfie,Lord
Isabelle,Dodd
Amy,Coates
Alexandra,Hill
Cameron,Townsend
Kyle,Nixon
Dominic,Harris
Noah,Payne
Jude,Macdonald
Eleanor,Barton
Holly,Connolly
Taylor,Clark
Mason,Finch
David,Griffiths
Jake,Khan
Jennifer,Stevenson
Dominic,Alexander
Charlotte,Howells
Harry,Simmons
Michael,Shepherd
Amy,Brown
Kieran,Freeman
Molly,Stone
Jude,Hudson
Nicholas,Sullivan
Brandon,Glover
Sarah,Day
Louie,Forster
Gabriel,Ellis
Summer,Dyer
Amelie,Leonard
David,Bull
Molly,Frost
Sebastian,Fitzgerald
Bradley,Shaw
Isabel,Fraser
Matilda,Shaw
Abby,Francis
Matilda,Smart
Eloise,Norton
Kieran,Sharp
Ethan,Warren
Amelie,Briggs
Charlie,Higgins
Phoebe,Foster
Corey,Hayes
Aidan,Osborne
Jake,Fuller
Millie,Robinson
Samuel,Morley
Edward,Hartley
Gracie,Stone
James,Dodd
Henry,Pearce
Zara,Ahmed
Adam,Pugh
Sofia,Archer
Rhys,White
Emma,Lee
Tom,Williams
Ellis,Palmer
Jodie,Long
Benjamin,Harrison
Charlie,Pearce
Molly,John
Samantha,Young
Amber,Hewitt
Rosie,Sanders
Lucas,Joyce
Matilda,Randall
Scott,Sanderson
Harley,Lawrence
Morgan,Hardy
Rachel,Watson
Amelia,Peters
Leo,Stewart
Connor,Parsons
Billy,Nicholls
Victoria,Spencer
Charlie,Rees
Jacob,Ball
Skye,French
Sarah,O'Brien
Phoebe,Wallis
Evan,Watkins
Scott,Grant
Scarlett,Cross
Caitlin,Shaw
Ella,Ferguson
Rhys,Fletcher
Declan,Jenkins
Sophie,Myers
Harry,Doherty
Jasmine,James
Jade,Power
Jacob,Martin
Eleanor,Morton
Harley,Begum
Isaac,Porter
Maddison,George
Mason,Pearson
Andrew,Chapman
Muhammad,McCarthy
Katie,Wall
Katie,Bull
Ellis,Riley
Madison,Giles
Joel,Dunn
Yasmin,King
Francesca,Jordan
Lily,Weston
Imogen,Little
Charles,Morley
Gracie,Horton
Anthony,Naylor
Billy,Rowley
Tom,Benson
Corey,Turnbull
Nicholas,Carter
Leah,Wilson
Natasha,Davison
Charlotte,Daniels
Alexandra,Adams
Sophia,Barry
Demi,Alexander
Logan,Patel
Joel,Butler
Jasmine,Morton
Chelsea,Kelly
Spencer,Russell
Morgan,North
Thomas,Schofield
Ewan,Marsden
Charlie,Barry
Dominic,Stanley
Jade,Clements
Phoebe,Bray
Libby,Hamilton
Kai,Baker
Lily,Shepherd
Eleanor,Holden
Cameron,Pearce
Luca,Clarke
Jordan,Potts
Taylor,Dickinson
Patrick,Dodd
Christopher,Slater
Phoebe,Grant
Amelie,Knight
Max,Howard
Isabel,Reynolds
Kayleigh,Law
Natasha,Law
Hannah,Webster
Kai,Potter
Charlie,Gibson
Abbie,Godfrey
Andrew,McDonald
Mohammed,Benson
Abigail,Naylor
Leah,Patterson
Lauren,Mason
Francesca,Blake
Alfie,Turner
Daisy,Fisher
Elliot,Whittaker
Lauren,Newman
Ella,Reynolds
Aimee,Waters
Louie,Garner
Leo,Coates
Harriet,Smith
Muhammad,Swift
Thomas,Matthews
Christopher,Chapman
Courtney,Kent
Jonathan,Kennedy
James,George
Leon,Lloyd
Mohammed,Green
Jay,Parker
Anna,Knowles
Aaron,Johnson
Louise,Todd
Finley,Stephens
Aaliyah,Law
Taylor,Chapman
Connor,McCarthy
Mohammad,Flynn
Henry,Fleming
Courtney,Flynn
Jessica,Gough
Jennifer,Farrell
Ellie,Thomas
Charlotte,Sharp
Reece,Morley
Daniel,Myers
Hollie,Hayward
Daniel,Johnston
Maddison,Jenkins
Kian,Connolly
George,Benson
Alisha,Vaughan
Isabelle,Sullivan
Alfie,Allan
Katherine,French
Patrick,Morgan
Grace,Gould
Jasmine,Ahmed
Jay,Carter
Abigail,Doyle
Alice,Summers
Mollie,Davidson
Mason,Kent
Madison,Sheppard
Mohammad,Howard
Louie,Quinn
Jonathan,Storey
Michael,Nixon
Bailey,Higgins
Emma,Hurst
Bailey,Sharp
Rhys,Hilton
Cerys,Carey
Daniel,Miles
Hayden,Randall
Samantha,Richards
Joshua,O'Brien
Kai,Evans
Danielle,Hall
Muhammad,Morton
Poppy,Osborne
Dylan,Bryan
Ethan,Waters
Jasmine,Davey
Isabelle,O'Brien
Sienna,Gray
Samuel,Law
Ewan,Gallagher
Ella,Conway
Zoe,Davidson
Ava,Howard
Eloise,Watson
Zachary,Burrows
Dylan,Fox
Mohammed,Baldwin
Alexander,McCarthy
Charlie,Long
Brandon,Carter
Archie,Graham
Lewis,Butler
Dominic,Poole
Harvey,Newman
Corey,Singh
Kieran,Hayes
Reece,Ryan
Benjamin,Sheppard
Laura,Humphries
Jacob,Archer
Kayleigh,Warner
Holly,Archer
Gabriel,Ahmed
Spencer,Hughes
Tilly,Rowley
Chelsea,King
Jamie,Simpson
Harriet,Davidson
Josh,Simmons
Lucas,Heath
Lucy,Chamberlain
Kate,Brooks
William,Daly
Christopher,Manning
Courtney,Johnson
Abby,Howell
Sienna,Jordan
Charlie,Palmer
Lilly,Cox
Zachary,Bryan
Liam,Hodgson
Amber,Parker
Georgia,Arnold
Abby,Carter
Charlotte,Leonard
Ruby,Gibson
Ellie,Ross
Harriet,Tucker
Callum,Hodgson
Sienna,Duncan
Henry,Norton
Leo,Bevan
Morgan,Hyde
Jake,Allan
George,Harper
Amy,Miles
Yasmin,Power
Libby,Fuller
Caitlin,Hayes
Henry,Duncan
Danielle,North
Tyler,Lucas
Gracie,Mason
Aaliyah,Atkins
Alex,Hopkins
Christopher,Walker
Robert,Humphries
Emily,Gould
Owen,Stone
Toby,Barlow
Corey,Collier
Sophie,Parker
Erin,Hall
Joshua,Johnson
Ella,Watson
Katie,Nelson
Amelia,Cameron
Ryan,Hurst
Adam,Lawson
Alexander,Edwards
Connor,Fuller
Thomas,Davidson
Leah,Parsons
Elizabeth,Butcher
George,Morton
Lily,Metcalfe
Jacob,Patel
Evie,Lyons
Sofia,Thompson
Ryan,Pickering
Tyler,Sinclair
Victoria,Peacock
Rosie,Slater
Brooke,Hancock
Jack,Price
Demi,Robinson
David,Forster
Emma,Connolly
Imogen,Thomson
Kai,Byrne
Abby,Jackson
Jade,Lawson
Leo,North
Elliot,Duncan
Alice,Holmes
Joe,Oliver
Reece,Hanson
Leo,Kirby
Madison,Johnson
Daniel,Lawson
Harriet,Harper
Riley,Williams
Edward,Atkinson
Lara,Wright
Cerys,Summers
Charlie,Stanley
Kai,Nicholls
Jayden,Goodwin
Tia,Burrows
Isaac,Ali
Kian,Kent
Logan,Rice
Andrew,Bradshaw
Niamh,Farmer
Oscar,Riley
Zachary,Briggs
Freya,Hopkins
Ben,Ross
Christopher,Clark
Corey,Miah
Rhys,Rose
Amy,Kemp
Hannah,Sutton
Grace,Giles
Henry,Barlow
Niamh,Hamilton
Abigail,Rahman
Benjamin,Sims
Evan,Lynch
Lara,Carpenter
Lewis,Young
Ruby,Holden
Katie,Moss
Harvey,Wheeler
Nathan,Read
Katherine,Willis
Katie,Tyler
Peter,Wheeler
Bethany,Pritchard
Nicholas,Talbot
Joel,Bryant
Anthony,Wade
Archie,Smart
Paige,Williamson
Samuel,Grant
Oscar,Wong
Scarlett,Ali
Jodie,Allen
Leah,Hill
Morgan,Lees
Tegan,Thorpe
Jayden,Dunn
Joshua,Bray
Jade,Gibbs
Lara,Murphy
Shannon,Coles
Corey,Baldwin
Mohammed,Fowler
Jayden,Collins
Aimee,Daly
Danielle,Howe
Lewis,Morley
Eva,Baxter
Chelsea,Gallagher
Peter,O'Sullivan
Jayden,Sutton
Bradley,Yates
Jordan,Gardiner
Caitlin,Doherty
Charlotte,Simpson
Shannon,Nolan
Sarah,Norton
Freya,Nolan
Patrick,Reid
Archie,Alexander
Hannah,Abbott
Tegan,Bell
Laura,Norton
Reece,Webster
Jamie,Thornton
Sophie,Harding
Phoebe,Butler
Faith,Robertson
Lily,Glover
Ava,Welch
Benjamin,Hanson
William,Day
Rachel,Waters
Elizabeth,Bruce
Edward,McKenzie
Jasmine,Higgins
Adam,Bates
Zak,Atkinson
Lydia,Hewitt
Niamh,Sullivan
Joseph,Parker
Maisie,Sinclair
Katherine,Cook
Finlay,Conway
Riley,Fisher
Natasha,Storey
Sophie,Shah
Jay,Barton
Bethany,Dale
Libby,Middleton
Max,Green
Leon,Moore
Danielle,Goddard
Finley,Miah
Nathan,Barton
James,Thompson
Declan,Robertson
Alice,Ashton
Henry,Carpenter
Sarah,Hayward
Evie,Slater
Bradley,West
Ethan,Harris
Millie,Lord
Aaron,Patel
Mason,Parkin
Harley,Long
Amelia,Hardy
Lucas,Burns
Zoe,Hamilton
Abbie,Fox
Maya,Banks
Ellis,Morris
Elizabeth,Watkins
Joel,Murphy
Samuel,Herbert
Daisy,Powell
Josh,Connolly
Eloise,Allen
Elizabeth,Hancock
Harriet,Cameron
Mohammed,Sanderson
Mollie,Burrows
Ewan,Poole
Tegan,Baxter
Ellis,Clements
Harriet,Jenkins
Noah,Brookes
Emma,Fletcher
Melissa,Fletcher
Jake,Walton
Mia,Pearson
Jay,King
Liam,Holt
Keira,Miah
Joseph,Bates
Keira,Clements
Elizabeth,Ingram
Peter,Howe
David,Perry
Dominic,Hanson
Bradley,Brennan
Victoria,Fuller
Oscar,Ward
Gracie,Power
Zoe,Hilton
Melissa,Peters
Eve,Schofield
Rachel,Robertson
Hollie,Mellor
Noah,Robson
Evie,Peters
Harry,Davey
Louise,Thomson
Eleanor,Wood
Jodie,Thomas
Dylan,Burgess
Cameron,Pratt
Shannon,Atkins
Lydia,Hargreaves
Louis,Green
Josh,Atkins
Harry,Crawford
Alice,Henderson
Emma,North
Thomas,Peacock
Daisy,Manning
Mason,Nolan
Spencer,Chandler
Elliot,Coates
Eva,Walters
Luca,Clarke
Francesca,Cox
Louise,Doyle
Morgan,Austin
Sarah,Morrison
Harrison,McLean
Joel,Reed
Oscar,Morrison
Kyle,Pope
Caitlin,Duffy
Georgia,Parkinson
Michael,Young
Bradley,Joyce
Abby,Jenkins
Tegan,Hill
Georgina,Turner
Daniel,Schofield
Nathan,Conway
Hayden,Carroll
Daniel,George
Ava,Fuller
Finley,Welch
Aimee,Gough
Samuel,Barker
Jade,Nolan
Charlie,Conway
Tyler,Archer
Nicholas,Potts
Faith,Rowley
Caitlin,Whitehouse
Freya,Day
Abby,Gardner
Callum,Arnold
Elizabeth,Carpenter
Oscar,Gould
Luca,Reid
Abbie,Walters
Logan,O'Connor
Jude,Wilkins
Freya,Flynn
Alfie,Rowe
Elizabeth,Patel
Alisha,Thomson
Luca,Martin
Leo,Hyde
John,Stanley
Sean,Brennan
Jessica,Farmer
Lily,Adams
Samantha,Hunt
Finlay,Schofield
Zoe,Donnelly
Aaliyah,Newman
Paige,Fisher
Daniel,Allen
Rebecca,Oliver
Aaliyah,Warren
Ben,Tyler
Hayden,Smith
Luca,Dickinson
Mollie,Ryan
Anthony,Bentley
Lucy,Pickering
Nicole,Sims
Courtney,Dean
Katherine,Kelly
Summer,Austin
Harley,Harvey
Zara,Shaw
Erin,Stanley
Louie,Daly
Alfie,Stokes
Tilly,Watkins
Finlay,Hargreaves
Isaac,Duffy
Ethan,Watson
Christopher,Peters
Brandon,Joyce
Chloe,Simmons
Harley,Davidson
Billy,Wright
Sofia,Summers
Zak,Brennan
Paige,Parsons
James,Webb
Sophie,Gardner
Oliver,Doherty
David,Stevenson
Jade,Harding
Charlotte,Peacock
Nicholas,Whittaker
Courtney,Harding
Hannah,Reeves
Sophia,Lees
Ava,Lee
Billy,Palmer
Faith,Rice
Brandon,Faulkner
Oliver,Kay
Leah,Parkin
Joe,Lloyd
Amelia,Hyde
Ben,Carey
Joshua,Duncan
Kieran,Fitzgerald
Kai,Burke
Ethan,Gough
Jodie,Foster
Rosie,Robertson
Libby,Pollard
Aidan,Page
Rosie,Hope
Jay,Hurst
Owen,Humphries
Evan,Bond
Libby,Bond
Jake,Wilson
Jade,Daly
Yasmin,Banks
Harriet,Bowen
Louise,Rowley
Alexander,Davison
Sarah,Atkins
Joel,Chapman
Eloise,Benson
Connor,Davey
Niamh,Knowles
Matthew,Gibson
Bailey,Hicks
Lewis,Gill
Molly,Lawson
Benjamin,Smart
Harry,Baldwin
Isabelle,Joyce
Abby,Whittaker
Corey,Finch
Louis,Davey
Tom,Mann
Leo,Hewitt
David,Armstrong
Amelia,Thomas
Hannah,Pollard
Summer,Howell
Alice,Stokes
Paige,Kemp
Henry,Watson
Harrison,Andrews
Leo,Burke
Robert,Finch
Jude,Bradley
William,Stone
Corey,Mahmood
Lola,Hunter
Elliot,Donnelly
Niamh,Bryan
Demi,Humphreys
Scarlett,Gardiner
Zak,Anderson
Courtney,Field
Louis,Preston
Mohammed,Morley
Millie,Norton
Lucas,Morris
Kyle,Barber
Thomas,Begum
Matilda,Archer
Anthony,Gill
Morgan,Wong
Henry,Brady
Thomas,Harrison
Kian,Reid
Logan,Patel
Lauren,Newton
Ben,Booth
Francesca,Cartwright
James,Gibbons
Edward,Nelson
Harrison,Giles
Christopher,Goddard
Louie,Gould
Niamh,Barton
Samuel,Spencer
Lydia,Tucker
Tegan,Blackburn
Cameron,Law
Laura,Atkinson
Alisha,Farmer
Cerys,Watkins
Morgan,Clarke
Zak,Reeves
Rosie,Lamb
Imogen,Smith
Eloise,Cunningham
Samuel,John
Zak,Birch
Isabelle,Knight
Amelia,Wells
Edward,Wells
Isabella,Rice
Katherine,Ali
Charlie,Carr
Kian,Reeves
Kai,Ward
Ethan,Smart
Robert,Barnes
Madeleine,Marsh
Jasmine,Lees
Courtney,Hopkins
Adam,Stokes
Finlay,Coles
Alex,Jones
Dylan,Law
Isabella,Sullivan
Imogen,Harper
Skye,Clements
Alexander,Martin
Christopher,Bowen
Evie,O'Sullivan
Freddie,Little
Matthew,Rose
Declan,Rhodes
William,Johnston
Oscar,Clements
Toby,Walker
Henry,Walters
Leo,Barton
Finlay,Hayward
Jasmine,Holland
Melissa,Simmons
Thomas,Tucker
Mohammed,Moore
Harley,Charlton
Rebecca,Ross
Matilda,Russell
Luke,Robson
Kai,Lucas
Ben,May
Sophia,Burton
Callum,Watts
Abby,Macdonald
Jack,Saunders
Kai,Griffin
Connor,Sanders
Scarlett,Green
Francesca,Sutton
Phoebe,Stone
George,Morris
Leo,Walker
Ryan,Martin
Ryan,Jarvis
Harvey,Nicholson
Holly,Shepherd
Ethan,Daniels
Sam,Newman
Mia,Lowe
Francesca,Summers
Shannon,Morley
Mia,Henry
Yasmin,Hartley
Owen,Cooke
Danielle,Quinn
Mohammad,Stanley
Jake,Preston
Harvey,Leach
Mohammed,Peacock
Jordan,Bryant
Lydia,Fletcher
Chelsea,Quinn
Lilly,Dickinson
Owen,Hurst
Charlotte,Peacock
Jude,Power
Jasmine,Marsh
Logan,Wilson
Isabelle,Law
Harley,Pickering
Jessica,Carroll
Jade,Woods
Declan,Rogers
Brooke,Wheeler
Elise,Tucker
Jordan,Farrell
Nicholas,Harding
Nathan,Sharpe
Kieran,John
Jake,Coates
Harley,Ellis
Riley,Scott
Amy,Clarke
Francesca,Swift
Brooke,Nicholls
Matilda,Watson
Charlie,Akhtar
Lewis,Kay
Courtney,Thomas
Ben,Freeman
Harvey,Payne
Alexandra,Jenkins
Freya,Chapman
Jude,Dawson
Kai,Swift
Phoebe,Perkins
Faith,Green
Morgan,Lane
Lewis,Cooper
Eva,Howells
Anthony,Fuller
Jude,Cooke
Harrison,Turnbull
Thomas,Harper
Andrew,Franklin
Isaac,Pope
Grace,Whitehouse
Grace,Hunt
Louie,Day
Brandon,Parker
Oscar,Abbott
Rosie,Ali
Zak,Shah
Imogen,Sheppard
Isabel,Newton
Callum,Hope
William,Cartwright
Brandon,Potter
Bailey,Flynn
Morgan,Hughes
Jay,Jones
Sophie,Birch
Courtney,Stephenson
Yasmin,Boyle
Rachel,Nicholson
Morgan,Abbott
Elliot,Martin
Lydia,Moss
Scarlett,Norman
Elise,Moran
Rebecca,Johnston
Caitlin,Clark
James,Davidson
Francesca,Wright
Madison,Rice
Spencer,Banks
Zak,Morton
Jack,Whitehouse
Hollie,Boyle
Finlay,Shah
Jonathan,Faulkner
Harvey,Johnson
Mason,Rowley
Eve,Ford
Gracie,Perry
Aidan,Middleton
Bradley,Bell
Aidan,Barlow
Mohammad,Russell
Faith,Pearce
Jay,Akhtar
Nathan,Jennings
Riley,Gibbons
Erin,Carroll
Toby,Lord
Kayleigh,Smith
Alexandra,Norman
Taylor,Abbott
Jamie,Hunter
Jonathan,Law
Callum,Briggs
Ava,Whittaker
Kai,Rose
Daisy,Kennedy
Madeleine,Fletcher
Jade,French
Amy,Sullivan
Chloe,Cole
Max,Goodwin
Spencer,Singh
Morgan,Benson
Kiera,Bray
Archie,Doherty
Isobel,Holden
Imogen,Poole
Mason,Peters
Lilly,Sharp
Alisha,Barnes
Ellie,John
Katie,Wyatt
Rachel,North
Lucas,Morgan
Nicholas,Carroll
Georgia,Gardiner
Melissa,Birch
Victoria,King
Spencer,Morgan
William,Martin
Harry,O'Donnell
John,Howe
Melissa,Read
Lucy,French
Harry,Booth
Charlie,Blake
Faith,Humphries
Molly,Myers
Patrick,Jenkins
Molly,Kirk
Nathan,Nelson
Maisie,Rhodes
Rebecca,Murray
Connor,Conway
Cerys,Wilkinson
Evie,Iqbal
Bradley,Wallis
Lola,Slater
Mollie,Hilton
Zak,Woodward
Lola,Burgess
Oliver,Sinclair
Maya,Abbott
Alice,Price
Alicia,Middleton
Isobel,Leonard
Caitlin,Johnson
Grace,Bray
Evie,Lloyd
Isabel,Short
Nicole,Day
Amelie,Riley
Morgan,Griffin
Nicholas,Briggs
Henry,Houghton
Summer,Atkinson
Isabelle,Fry
Spencer,Rahman
Noah,Sharpe
Samantha,Bennett
Ava,Stevens
Brandon,Ryan
Eva,Murphy
Anna,Carpenter
Tia,Davison
Harley,Patterson
Jonathan,Sullivan
Thomas,Hutchinson
Isaac,Parkin
Bethany,Morton
Louie,Webb
Tegan,Higgins
Paige,Metcalfe
Lucas,Allen
Aaron,Robertson
Jodie,Watson
Isabella,Chan
Charlie,Long
Ryan,McDonald
Zachary,Buckley
Matilda,Allen
Finlay,Goodwin
Lydia,Gibbs
Lucy,Matthews
Michael,Murray
Katherine,Taylor
Cerys,Wyatt
Lucas,Bull
Samuel,Doherty
Harvey,Daniels
Jodie,Burgess
Zak,Lowe
Hannah,Clark
Finley,Craig
Leon,Norton
Emily,Sutton
Samuel,Bishop
Luke,Hart
Imogen,Smart
Shannon,O'Brien
Robert,Bell
Emily,Slater
Katie,Martin
Madison,Powell
Eloise,Roberts
Sam,Morgan
Archie,Ward
Zoe,Sanders
Erin,Lord
Charlie,Craig
Matilda,Johnson
Shannon,Russell
Patrick,North
Ava,Hope
Jodie,Reid
Erin,White
Keira,Barrett
Jake,Stephens
Ewan,Roberts
Ethan,Palmer
Spencer,Clark
Gracie,Carpenter
Louis,Chambers
Alexander,Wilkinson
Ethan,Bond
Oscar,Carpenter
Summer,O'Brien
Ella,Wong
Eve,Baker
Jasmine,Chapman
Freddie,Adams
Rebecca,Peacock
Holly,Hart
Aimee,Potter
Lucas,Grant
Mason,Lambert
Francesca,Wilkinson
Jake,Coates
Josh,Simmons
Megan,Hamilton
Dominic,Randall
Peter,Turner
Alisha,O'Sullivan
Elizabeth,Hutchinson
Eva,Archer
Eva,Rice
Alisha,Miles
Muhammad,Waters
Amber,Mahmood
Katherine,Rhodes
Leon,Price
Morgan,Henry
Finley,Nicholson
Caitlin,Davidson
Gracie,Potts
Yasmin,Cooke
Zak,Freeman
Alice,Farmer
Jordan,Stone
Cerys,Dodd
Charles,Gallagher
Harvey,May
Eloise,Hilton
Liam,Goddard
Alicia,Marshall
Scott,Cooke
Louis,West
Niamh,Thomson
Lydia,Shepherd
Holly,Chandler
Aaron,Rice
Brooke,Smart
Georgia,Gilbert
Henry,French
Samuel,Armstrong
Jonathan,Flynn
Naomi,Anderson
Aaliyah,Hicks
Scarlett,King
Evie,Bray
Bethany,Murray
Holly,Morrison
Holly,Bryan
Ryan,Walsh
Cameron,Dale
Matthew,Bruce
Freya,Barry
Holly,Dyer
Logan,Wood
Chelsea,Lyons
Grace,Morton
David,Fletcher
Elizabeth,Moore
Samantha,Dickinson
Hollie,Barnes
Megan,Parsons
Max,Ross
Lewis,Richards
Billy,Collins
Madison,Humphries
Jessica,Waters
Zachary,Fisher
Gabriel,Walters
Grace,Farrell
Natasha,Russell
Aimee,Norman
Elizabeth,Swift
Abbie,Mellor
Mia,West
Louise,Rahman
Charles,Brown
Noah,Ferguson
Michael,Chandler
Abigail,Warner
Mohammad,Poole
Isabella,Clarke
Finley,Metcalfe
Millie,George
Shannon,Hill
Holly,Ross
James,Rowley
Maddison,Townsend
Emily,Bennett
Tom,Humphries
Sam,Kent
Alexander,Harding
Ethan,Brooks
Laura,Weston
Finlay,Howe
Tegan,Oliver
Kai,Watts
Aaron,Alexander
Zak,Farrell
Nicole,Henderson
Oscar,Martin
Gracie,Lyons
Tyler,Elliott
Jodie,Collins
Evan,Carey
Leon,Morgan
Liam,Henry
Gabriel,Godfrey
Lauren,Hardy
Andrew,Connolly
Hannah,Holt
Benjamin,Davis
Kai,Sharpe
Ellie,Lyons
Louis,Watson
Mason,Arnold
Sarah,Noble
Bethany,Richards
Hannah,Kerr
Harvey,Turnbull
Freya,Steele
Sofia,Oliver
Louis,Mason
Archie,Briggs
Brooke,Green
Abbie,Holt
Amelia,Hopkins
Yasmin,Jennings
Jasmine,Gardner
Isobel,George
Harriet,Rogers
Jade,Pickering
Kate,Hudson
Mia,Oliver
Sophie,Parsons
Mia,Gardiner
Hollie,Whittaker
Morgan,Mitchell
Victoria,Thomas
Aidan,Moss
Naomi,Bell
Tegan,Martin
Jasmine,Winter
Lucas,Mason
Mohammad,Steele
Maddison,Watkins
Sebastian,Forster
Josh,McCarthy
Muhammad,Warner
Aaliyah,Barrett
Keira,Barry
Lucas,Porter
Harley,Atkinson
Mia,Barker
Alfie,Newman
Kieran,Lynch
Eva,Fitzgerald
Harriet,Young
Lewis,Andrews
George,Adams
Lucas,Morris
Tom,Hall
Isabella,Ferguson
Charlie,Page
Kian,Moore
Oscar,Robinson
Isaac,Lord
Robert,Hayes
Lara,Lane
Reece,Reid
Joel,Ward
Laura,Clarke
John,Stephens
Lewis,Barton
Emily,Bradshaw
Georgina,Carroll
Hayden,Green
Charlie,Barrett
Courtney,Kerr
Molly,Francis
Ava,Duffy
Jennifer,Barnes
Liam,Fitzgerald
Danielle,Abbott
Alice,Ali
Joe,Henry
Ellis,Bray
Abby,Francis
Ellie,Tomlinson
Charlie,Gilbert
Lily,Weston
Elizabeth,White
Logan,Coates
Gabriel,Ball
Harley,Gray
Bethany,Sinclair
Isaac,Oliver
Matilda,Wallis
Callum,Fowler
Daniel,Barrett
Sienna,Bowen
Victoria,Dixon
Jacob,Pugh
Zoe,Banks
Lauren,Bryant
Abigail,Hutchinson
Finlay,Steele
James,Coates
Edward,Hale
Oliver,Hartley
Gracie,Barnett
Danielle,Woods
Declan,Cox
Tilly,Smith
William,Parker
Sophie,Mann
Spencer,Bailey
Shannon,Wright
Billy,Read
Elliot,Day
Matilda,Vaughan
Jacob,Whitehead
Maya,Watts
Ryan,Perkins
Ewan,Waters
Ava,Freeman
Kiera,Newton
Brooke,Blake
Robert,Mills
Aaliyah,Lawrence
Elizabeth,Lawson
Alex,Holt
Alex,Stephenson
Robert,Singh
Demi,Quinn
Riley,Dale
Josh,Farrell
Louise,Nolan
Chelsea,Schofield
Amelie,Lord
Scott,Johnson
Jonathan,Steele
Lucas,Gould
Madeleine,French
Evan,Quinn
Katie,Rowley
Jasmine,Bentley
Skye,Walker
Hannah,Farmer
Morgan,Mann
Scott,Potter
Poppy,Williamson
Amy,Willis
Jayden,Bennett
Hannah,Pugh
Finlay,Slater
Spencer,Wood
Leon,Franklin
James,Wall
Megan,Clements
Scarlett,Cox
Georgia,Chan
Kate,Mahmood
Tilly,Butler
Morgan,Wade
Zoe,Fitzgerald
Robert,Bruce
Rebecca,Stone
Elliot,Peacock
Niamh,Blackburn
Scott,Todd
Archie,Freeman
Freya,Frost
Erin,Sharp
Kayleigh,Bates
Riley,Ingram
Zachary,Ingram
Brandon,Watkins
Jayden,Charlton
Sam,Howard
Freya,Blackburn
Scott,Myers
Gabriel,Hewitt
Tegan,Read
Bailey,Reynolds
Chelsea,Walton
Millie,Black
Gracie,Davidson
Zara,Moss
Ellis,Rahman
Ruby,Nolan
Tilly,Potter
Robert,Clarke
Joe,Mellor
Connor,Chadwick
Elizabeth,Perry
Freddie,Gallagher
Poppy,Heath
Taylor,Ali
Jodie,Mistry
Maddison,Robson
Patrick,Stewart
Matthew,Rowley
James,Forster
Kian,Simmons
Nicholas,Bennett
Jennifer,Johnson
Josh,French
Abigail,Gardiner
Dominic,O'Brien
Brandon,King
Ryan,Baldwin
Edward,Parsons
Nathan,Holmes
Freya,Miah
Sofia,Singh
James,Townsend
Chloe,Hilton
Luca,Holden
Cerys,Sharpe
Ellis,Allan
Ellie,Turnbull
Alice,West
Jake,Watkins
Bradley,Perry
Jude,Brown
Jude,French
Kieran,Wilkinson
Muhammad,Skinner
Louise,Cole
Joseph,Brady
Eve,Hartley
Maddison,Davey
Joel,Shepherd
Ewan,Fisher
Katherine,Cox
Holly,Burgess
Luke,Davison
Kate,Slater
Sebastian,Williamson
Anna,Connor
Jamie,Matthews
Luke,Fleming
Niamh,Gallagher
Henry,Wong
Lucas,Rowley
Sienna,Campbell
Adam,Foster
Amelie,Payne
Madison,Morton
Kiera,Hall
Elise,Potts
Leo,Howard
Maisie,Byrne
Tyler,Lambert
Maddison,Wood
Kayleigh,Foster
Gracie,Howe
Owen,Blackburn
Josh,McDonald
Isabelle,Kirk
Abigail,Bell
Thomas,Russell
Charlie,Grant
Peter,Lawson
Jake,Gallagher
Ellis,Humphries
George,Warner
Jennifer,Reed
Skye,Quinn
Tilly,Coles
Aaliyah,Walters
Lola,Lucas
Isabella,Ross
Jessica,Glover
Tyler,Read
Edward,Hancock
Aaron,Butcher
Oliver,Russell
Rhys,Smart
Reece,Saunders
Owen,Coleman
Gracie,Simpson
Evan,Parsons
Chloe,Doherty
Cameron,Wright
Luca,Hope
Jack,Byrne
Joel,Rowley
Abby,Ross
Tia,Hartley
Jack,Middleton
Morgan,Barker
Amy,Sutton
Harrison,Campbell
Georgina,Moran
Lola,Vincent
Leon,Kaur
Morgan,Coates
Ewan,Oliver
Leon,Harvey
Benjamin,Peacock
Alfie,West
Dylan,Waters
Ewan,McDonald
Nathan,Collier
Max,Fletcher
Sarah,Hanson
Mollie,Andrews
Logan,Pugh
Leon,Tomlinson
Lola,Wade
Joe,Howard
Lucas,Short
Jade,Franklin
Maisie,Martin
Courtney,Taylor
Alicia,Ross
Demi,Russell
Jade,Atkinson
Michael,Stokes
Jennifer,Noble
Henry,Cameron
Toby,Begum
Isabel,Doherty
Melissa,Johnston
Jude,Bradley
Josh,Briggs
Isobel,Finch
Tegan,Lee
Naomi,Alexander
Harrison,Woods
Adam,Fry
Charlotte,Coleman
Dylan,Tucker
Lucy,Middleton
Melissa,Burgess
Samuel,Dean
Megan,Lynch
Luke,Todd
Aidan,Stephenson
Alisha,Cartwright
Eloise,Holland
Owen,Holloway
Jamie,O'Donnell
Emily,Patel
Ewan,Sharpe
Harley,Jackson
Henry,Sharp
Phoebe,Skinner
Louise,Akhtar
Ellis,Edwards
Rebecca,Lewis
Jack,Curtis
Aidan,Boyle
Zak,Nixon
Jude,Hodgson
Jonathan,Morgan
Ellie,Fowler
Charles,Reynolds
Tom,O'Sullivan
Robert,Norman
Ryan,Williamson
Jade,Curtis
Isobel,Rogers
George,Clayton
Courtney,Burrows
Logan,Miles
Gabriel,Scott
Robert,Oliver
Harrison,Hudson
Elizabeth,Herbert
Kieran,Roberts
Cameron,Cartwright
Finlay,Cole
Logan,O'Brien
Jessica,Ali
Louise,Hodgson
Ben,James
Lucy,Fry
Kai,Allan
Jordan,Howell
Harley,Sheppard
Aimee,Gardner
Sarah,Kirk
Isaac,Williams
Ruby,Hewitt
Oscar,Hicks
Isabella,Green
Elliot,Atkins
Scott,Whitehouse
James,Bibi
Declan,Stevenson
Adam,Singh
Mohammed,Lowe
Maisie,Bibi
Owen,Fry
Lara,Brookes
Reece,Parry
Nathan,Hammond
Emma,Dodd
Michael,Ellis
Daisy,Perkins
Hannah,Adams
Finlay,Bruce
Daisy,Chan
Poppy,Weston
Sean,Nixon
Olivia,Fletcher
Jonathan,Savage
Olivia,Hunt
Jayden,Arnold
Caitlin,Baxter
Leon,Simpson
Eva,French
Amy,Wright
Courtney,Atkins
Anthony,Mellor
Matthew,Payne
Robert,Holden
William,Burton
Patrick,Townsend
Harvey,Jenkins
Elliot,Thorpe
Grace,Shaw
Noah,Jordan
Isabelle,Lamb
Alfie,Thornton
Sean,Ross
Callum,Pritchard
Matthew,Young
Hayden,Wallace
Oliver,Dyer
Alice,Marsden
Bradley,Hilton
Georgia,Woodward
Kai,Wong
Mason,Adams
Alfie,Wallace
Lilly,Heath
Tom,Tucker
Ellis,Hudson
Leon,Wade
Isaac,Pope
Mollie,Day
Sophie,Thornton
Chelsea,Greenwood
Maisie,Sims
Aidan,Burns
Yasmin,Lane
Rhys,Coleman
Kieran,Reed
Keira,Shaw
Alisha,Clarke
Natasha,Rahman
Kian,Kent
Elizabeth,Holden
Alex,Leonard
Josh,Dawson
Alex,Lewis
Luca,Murphy
Nathan,Hartley
Alice,Jones
Matthew,Garner
Gabriel,Arnold
Louise,Stanley
Aimee,Bond
Finlay,Cox
Jennifer,Chadwick
Eve,Wong
Caitlin,Blackburn
Samantha,Hurst
Jasmine,Evans
Skye,Savage
Harriet,Pearson
Molly,Burns
Oliver,Riley
Evie,Ingram
Harley,Mahmood
Jennifer,Tomlinson
Amelia,Butler
Nicholas,Coleman
Josh,Howarth
Edward,Hudson
Scott,Fry
Isobel,Bentley
Isaac,Sutton
Ewan,Richards
Dylan,Owen
Logan,Dickinson
Hayden,Williamson
Jade,Russell
Finlay,Tucker
Eva,Ryan
Hayden,Kennedy
Elise,Gardner
Maisie,Ryan
Charlie,Clarke
Callum,Singh
Anna,Gough
Jack,Humphries
Tilly,Rhodes
Francesca,Marshall
James,Alexander
Ewan,Cartwright
Christopher,Parry
Victoria,Bray
Muhammad,Myers
Leon,Bull
Caitlin,Fraser
Taylor,Gibson
John,Hunt
Rosie,Shah
Brooke,Parkes
Kayleigh,Bates
Sean,Hobbs
Joe,Porter
Jacob,Whitehouse
Poppy,Ball
Charles,Simmons
Harley,Evans
Samuel,Davison
Noah,Winter
Alice,Kemp
Leo,Ford
Callum,John
Alicia,Simpson
Bradley,Mitchell
Thomas,Gardner
Scarlett,Morgan
Harrison,Haynes
Eleanor,Yates
Emily,Harrison
Harrison,Sanders
Scott,Godfrey
Lewis,Morton
Lucy,Little
Sebastian,O'Connor
Elizabeth,Hale
Scott,Rogers
Finlay,Winter
Jamie,Davison
Emily,Knowles
Eleanor,Sims
Isaac,Farrell
Tom,Mistry
Charles,Horton
Morgan,Fisher
Abbie,Hussain
Alisha,Collins
Logan,Metcalfe
Amy,Osborne
Courtney,Warren
Jayden,Riley
Abigail,McCarthy
Ava,Thomas
Melissa,Naylor
Mason,Parkes
Freya,O'Connor
Joe,Campbell
Elizabeth,Walters
Reece,Daly
Abigail,Howell
Daniel,Akhtar
Bailey,Stephens
Kian,Sykes
Holly,Short
Lilly,Clark
Kate,Nash
Mohammed,Lawrence
Georgina,Lynch
Samuel,Carroll
Chloe,Dyer
Eva,Wyatt
Sebastian,Hicks
Hannah,Leach
Lilly,Myers
Emily,Williams
Megan,Bevan
Evan,Baxter
Freddie,Miah
Kian,Bull
Mia,Steele
Megan,Jordan
Victoria,Richardson
Chelsea,Higgins
Nicholas,Hawkins
Kieran,Noble
Laura,Lloyd
Billy,Sims
Corey,Bailey
Georgia,Bryan
Freya,Horton
Nathan,Cooper
Thomas,Harper
Abby,Welch
Lauren,Kay
Morgan,Davis
Ryan,Carey
Eva,Barry
Millie,Curtis
Morgan,Parkin
Callum,Forster
Sofia,Clark
Sean,Sheppard
Grace,Warner
Zachary,Bird
Ava,O'Brien
Jessica,Graham
Sarah,Marshall
Christopher,Hobbs
Tom,Sanderson
Eleanor,Gray
Lara,Sanderson
Ava,Hilton
Jay,Lucas
Joel,Hopkins
Freddie,James
Sofia,Simmons
Katherine,Murphy
Kai,Goodwin
Sophia,Clarke
Sam,Ross
Luca,Gibbons
Isabella,Sanders
Louie,Coleman
Eve,Hill
Mohammad,Howell
Andrew,Watson
Max,Page
Taylor,Watkins
Isobel,Slater
Riley,Carr
Maddison,Russell
Summer,Cooper
Emily,Hewitt
Henry,Wong
Mia,Brookes
Evan,Skinner
Jessica,Middleton
Libby,Anderson
Bailey,Whitehead
Ruby,Nicholls
Kieran,Ross
Luca,Atkinson
Demi,Archer
Brandon,Barry
Abby,Davey
Ethan,Gardner
Joel,Sinclair
Dominic,Davis
Tom,Sykes
Jennifer,Lawson
William,Chadwick
Corey,Harper
Mohammed,Mason
Toby,Sutton
Ryan,Simpson
Thomas,Birch
Kian,Godfrey
Noah,Donnelly
Adam,Walters
Rachel,Stevenson
Louis,Herbert
Amelia,Duffy
Oliver,Norman
Rhys,Flynn
Liam,Bevan
Muhammad,Black
Summer,Townsend
Scarlett,Garner
Kian,Ryan
Nicholas,Evans
Finley,Owens
Lucas,Gregory
Dominic,Murphy
Scott,Chan
Joseph,Wallis
Hannah,Ellis
Max,Watts
Lola,Gardner
Paige,O'Sullivan
Isaac,Cunningham
Libby,Daniels
Skye,Butler
Sophia,Boyle
Victoria,Morton
Caitlin,Hill
Maisie,Lord
Harvey,Morris
Melissa,Buckley
Harrison,Pickering
Charlie,Brooks
Finlay,Connolly
Callum,Marsden
Andrew,Skinner
John,Potts
Phoebe,Stevenson
Noah,Burrows
Evan,Ashton
Bradley,Potter
Oliver,Chamberlain
Louise,Wallace
Millie,Lyons
Aidan,McDonald
Scott,Shah
Maya,Walters
Hollie,Bates
George,Noble
Laura,John
Gabriel,Burgess
Lewis,Barker
Paige,Brennan
Isabelle,Nicholson
Mohammad,Blake
Sienna,Taylor
Brooke,Patel
Reece,Briggs
Elliot,Lynch
Jayden,Ali
Joe,Watkins
Madeleine,Watts
Bailey,Moss
Hannah,Noble
Molly,Thornton
Samantha,Hopkins
Joe,Wood
Charles,Rowley
Sophie,Blackburn
Elise,Vaughan
William,Gibson
Kai,Cameron
Charlie,Sharp
Ben,Turner
Joseph,Ellis
Ruby,Turner
Sean,Murray
David,Pratt
Sarah,Field
Maisie,Byrne
Niamh,Page
Caitlin,Dobson
Paige,Jarvis
Maisie,Vincent
Declan,Lynch
Courtney,Duffy
Isaac,Lees
Brooke,Hayward
Jordan,Duncan
Sean,Banks
Dominic,Spencer
Mollie,Ali
Mia,Andrews
Archie,Lambert
Joe,Lyons
Andrew,Long
Jodie,Mahmood
Lucas,Mellor
Isobel,Frost
Edward,Woods
Melissa,Barton
Holly,Robinson
Brandon,Nixon
Luke,Wheeler
Nicholas,Williams
Megan,Owens
Tom,Pollard
Christopher,Harris
Aaliyah,Barnes
Anna,Davies
Grace,Gibbons
Sophia,French
Mohammad,Gregory
Ellis,Jarvis
Tyler,Pearce
Abbie,Collier
Abbie,Freeman
Alisha,Allen
Tom,O'Connor
Gracie,Barton
Louise,Holmes
Rachel,Coleman
George,Kirby
Taylor,Scott
Mia,Wheeler
Sophia,Forster
Reece,Hudson
Jordan,Harding
Bradley,Sharp
Charlie,Abbott
Georgia,Wright
Elizabeth,Thomas
Robert,Thorpe
Lewis,Hodgson
Jessica,Ashton
David,Ryan
Oscar,Barry
Maya,Henderson
Mohammed,Wheeler
Oliver,Owen
Kiera,Chandler
Laura,Cole
Katie,O'Brien
Rachel,Ball
Louis,Hayward
Reece,Owen
Muhammad,Gough
Victoria,Bentley
Harriet,Henry
Katherine,Richards
Thomas,Harvey
Cerys,Lee
Nicole,Bishop
Mollie,Pratt
Alicia,Storey
Maddison,Coles
Jonathan,Doyle
Sophia,Carr
Danielle,Page
Evan,Lord
Liam,Perkins
Amber,Hamilton
Samantha,Blackburn
Ben,Fuller
Daniel,Anderson
Jayden,Horton
Imogen,Cunningham
Morgan,Waters
Tyler,Swift
Jayden,Smart
Luca,Flynn
Francesca,Patel
Jonathan,Henry
Evie,Ashton
Kyle,Russell
Jay,Waters
Michael,Dennis
Isaac,Fraser
Taylor,Norman
Morgan,Bradley
Hollie,Carey
Josh,Potts
Logan,Walsh
Tyler,Shaw
Charlie,James
Kyle,Marsden
Faith,Cook
Georgina,Bates
Max,Taylor
Dominic,Humphreys
Mason,Ford
Finley,Newman
Imogen,Booth
Finlay,Phillips
Morgan,Whitehouse
Ewan,Campbell
Victoria,Hope
Laura,Pearson
Lucas,Hammond
Sophia,Dean
Rebecca,Gardner
Erin,Fox
Erin,Akhtar
Oscar,Smart
Lydia,Coates
Louis,Miller
William,Jones
Isaac,Newton
Michael,Mitchell
