Abandoned,Account
Abashed,Achiever
Aberrant,Acoustics
Abhorrent,Act
Abiding,Action
Abject,Activity
Ablaze,Actor
Able,Addition
Abnormal,Adjustment
Aboard,Advertisement
Aboriginal,Advice
Abortive,Aftermath
Abounding,Afternoon
Abrasive,Afterthought
Abrupt,Agreement
Absent,Air
Absorbed,Airplane
Absorbing,Airport
Abstracted,Alarm
Absurd,Amount
Abundant,Amusement
Abusive,Anger
Acceptable,Angle
Accessible,Animal
Accidental,Answer
Accurate,Ant
Acid,Ants
Acidic,Apparatus
Acoustic,Apparel
Acrid,Apple
Actually,Apples
Ad Hoc,Appliance
Adamant,Approval
Adaptable,Arch
Addicted,Argument
Adhesive,Arithmetic
Adjoining,Arm
Adorable,Army
Adventurous,Art
Afraid,Attack
Aggressive,Attempt
Agonizing,Attention
Agreeable,Attraction
Ahead,Aunt
Ajar,Authority
Alcoholic,Babies
Alert,Baby
Alike,Back
Alive,Badge
Alleged,Bag
Alluring,Bait
Aloof,Balance
Amazing,Ball
Ambiguous,Balloon
Ambitious,Balls
Amuck,Banana
Amused,Band
Amusing,Base
Ancient,Baseball
Angry,Basin
Animated,Basket
Annoyed,Basketball
Annoying,Bat
Anxious,Bath
Apathetic,Battle
Aquatic,Bead
Aromatic,Beam
Arrogant,Bean
Ashamed,Bear
Aspiring,Bears
Assorted,Beast
Astonishing,Bed
Attractive,Bedroom
Auspicious,Beds
Automatic,Bee
Available,Beef
Average,Beetle
Awake,Beggar
Aware,Beginner
Awesome,Behavior
Awful,Belief
Axiomatic,Believe
Bad,Bell
Barbarous,Bells
Bashful,Berry
Bawdy,Bike
Beautiful,Bikes
Befitting,Bird
Belligerent,Birds
Beneficial,Birth
Bent,Birthday
Berserk,Bit
Best,Bite
Better,Blade
Bewildered,Blood
Big,Blow
Billowy,Board
Bite-Sized,Boat
Bitter,Boats
Bizarre,Body
Black,Bomb
Black-And-White,Bone
Bloody,Book
Blue,Books
Blue-Eyed,Boot
Blushing,Border
Boiling,Bottle
Boorish,Boundary
Bored,Box
Boring,Boy
Bouncy,Boys
Boundless,Brain
Brainy,Brake
Brash,Branch
Brave,Brass
Brawny,Bread
Breakable,Breakfast
Breezy,Breath
Brief,Brick
Bright,Bridge
Bright,Brother
Broad,Brothers
Broken,Brush
Brown,Bubble
Bumpy,Bucket
Burly,Building
Bustling,Bulb
Busy,Bun
Cagey,Burn
Calculating,Burst
Callous,Bushes
Calm,Business
Capable,Butter
Capricious,Button
Careful,Cabbage
Careless,Cable
Caring,Cactus
Cautious,Cake
Ceaseless,Cakes
Certain,Calculator
Changeable,Calendar
Charming,Camera
Cheap,Camp
Cheerful,Can
Chemical,Cannon
Chief,Canvas
Childlike,Cap
Chilly,Caption
Chivalrous,Car
Chubby,Card
Chunky,Care
Clammy,Carpenter
Classy,Carriage
Clean,Cars
Clear,Cart
Clever,Cast
Cloistered,Cat
Cloudy,Cats
Closed,Cattle
Clumsy,Cause
Cluttered,Cave
Coherent,Celery
Cold,Cellar
Colorful,Cemetery
Colossal,Cent
Combative,Chain
Comfortable,Chair
Common,Chairs
Complete,Chalk
Complex,Chance
Concerned,Change
Condemned,Channel
Confused,Cheese
Conscious,Cherries
Cooing,Cherry
Cool,Chess
Cooperative,Chicken
Coordinated,Chickens
Courageous,Children
Cowardly,Chin
Crabby,Church
Craven,Circle
Crazy,Clam
Creepy,Class
Crooked,Clock
Crowded,Clocks
Cruel,Cloth
Cuddly,Cloud
Cultured,Clouds
Cumbersome,Clover
Curious,Club
Curly,Coach
Curved,Coal
Curvy,Coast
Cut,Coat
Cute,Cobweb
Cute,Coil
Cynical,Collar
Daffy,Color
Daily,Comb
Damaged,Comfort
Damaging,Committee
Damp,Company
Dangerous,Comparison
Dapper,Competition
Dark,Condition
Dashing,Connection
Dazzling,Control
Dead,Cook
Deadpan,Copper
Deafening,Copy
Dear,Cord
Debonair,Cork
Decisive,Corn
Decorous,Cough
Deep,Country
Deeply,Cover
Defeated,Cow
Defective,Cows
Defiant,Crack
Delicate,Cracker
Delicious,Crate
Delightful,Crayon
Demonic,Cream
Delirious,Creator
Dependent,Creature
Depressed,Credit
Deranged,Crib
Descriptive,Crime
Deserted,Crook
Detailed,Crow
Determined,Crowd
Devilish,Crown
Didactic,Crush
Different,Cry
Difficult,Cub
Diligent,Cup
Direful,Current
Dirty,Curtain
Disagreeable,Curve
Disastrous,Cushion
Discreet,Dad
Disgusted,Daughter
Disgusting,Day
Disillusioned,Death
Dispensable,Debt
Distinct,Decision
Disturbed,Deer
Divergent,Degree
Dizzy,Design
Domineering,Desire
Doubtful,Desk
Drab,Destruction
Draconian,Detail
Dramatic,Development
Dreary,Digestion
Drunk,Dime
Dry,Dinner
Dull,Dinosaurs
Dusty,Direction
Dusty,Dirt
Dynamic,Discovery
Dysfunctional,Discussion
Eager,Disease
Early,Disgust
Earsplitting,Distance
Earthy,Distribution
Easy,Division
Eatable,Dock
Economic,Doctor
Educated,Dog
Efficacious,Dogs
Efficient,Doll
Eight,Dolls
Elastic,Donkey
Elated,Door
Elderly,Downtown
Electric,Drain
Elegant,Drawer
Elfin,Dress
Elite,Drink
Embarrassed,Driving
Eminent,Drop
Empty,Drug
Enchanted,Drum
Enchanting,Duck
Encouraging,Ducks
Endurable,Dust
Energetic,Ear
Enormous,Earth
Entertaining,Earthquake
Enthusiastic,Edge
Envious,Education
Equable,Effect
Equal,Egg
Erect,Eggnog
Erratic,Eggs
Ethereal,Elbow
Evanescent,End
Evasive,Engine
Even,Error
Excellent,Event
Excited,Example
Exciting,Exchange
Exclusive,Existence
Exotic,Expansion
Expensive,Experience
Extra-Large,Expert
Extra-Small,Eye
Exuberant,Eyes
Exultant,Face
Fabulous,Fact
Faded,Fairies
Faint,Fall
Fair,Family
Faithful,Fan
Fallacious,Fang
Familiar,Farm
Famous,Farmer
Fanatical,Father
Fancy,Father
Fantastic,Faucet
Far,Fear
Far-Flung,Feast
Fascinated,Feather
Fast,Feeling
Fat,Feet
Faulty,Fiction
Fearful,Field
Fearless,Fifth
Feeble,Fight
Feigned,Finger
Female,Finger
Fertile,Fire
Festive,Fireman
Few,Fish
Fierce,Flag
Filthy,Flame
Fine,Flavor
Finicky,Flesh
First,Flight
Five,Flock
Fixed,Floor
Flagrant,Flower
Flaky,Flowers
Flashy,Fly
Flat,Fog
Flawless,Fold
Flimsy,Food
Flippant,Foot
Flowery,Force
Fluffy,Fork
Fluttering,Form
Foamy,Fowl
Foolish,Frame
Foregoing,Friction
Forgetful,Friend
Fortunate,Friends
Four,Frog
Frail,Frogs
Fragile,Front
Frantic,Fruit
Free,Fuel
Freezing,Furniture
Frequent,Game
Fresh,Garden
Fretful,Gate
Friendly,Geese
Frightened,Ghost
Frightening,Giants
Full,Giraffe
Fumbling,Girl
Functional,Girls
Funny,Glass
Furry,Glove
Furtive,Glue
Future,Goat
Futuristic,Gold
Fuzzy,Goldfish
Gabby,Good-Bye
Gainful,Goose
Gamy,Government
Gaping,Governor
Garrulous,Grade
Gaudy,Grain
General,Grandfather
Gentle,Grandmother
Giant,Grape
Giddy,Grass
Gifted,Grip
Gigantic,Ground
Glamorous,Group
Gullible,Growth
Gusty,Guide
Guttural,Guitar
Habitual,Gun
Half,Hair
Hallowed,Haircut
Halting,Hall
Handsome,Hammer
Handsomely,Hand
Handy,Hands
Hanging,Harbor
Hapless,Harmony
Happy,Hat
Hard,Hate
Hard-To-Find,Head
Harmonious,Health
Harsh,Hearing
Hateful,Heart
Heady,Heat
Healthy,Help
Heartbreaking,Hen
Heavenly,Hill
Heavy,History
Hellish,Hobbies
Helpful,Hole
Helpless,Holiday
Hesitant,Home
Hideous,Honey
High,Hook
Highfalutin,Hope
High-Pitched,Horn
Hilarious,Horse
Hissing,Horses
Historical,Hose
Holistic,Hospital
Hollow,Hot
Homeless,Hour
Homely,House
Honorable,Houses
Horrible,Humor
Hospitable,Hydrant
Hot,Ice
Huge,Icicle
Hulking,Idea
Humdrum,Impulse
Humorous,Income
Hungry,Increase
Hurried,Industry
Hurt,Ink
Hushed,Insect
Husky,Instrument
Hypnotic,Insurance
Hysterical,Interest
Icky,Invention
Icy,Iron
Idiotic,Island
Ignorant,Jail
Ill,Jam
Illegal,Jar
Ill-Fated,Jeans
Ill-Informed,Jelly
Illustrious,Jellyfish
Imaginary,Jewel
Immense,Join
Imminent,Joke
Impartial,Journey
Imperfect,Judge
Impolite,Juice
Important,Jump
Imported,
Impossible,Kettle
Incandescent,Key
Incompetent,Kick
Inconclusive,Kiss
Industrious,Kite
Incredible,Kitten
Inexpensive,Kittens
Infamous,Kitty
Innate,Knee
Innocent,Knife
Inquisitive,Knot
Insidious,Knowledge
Instinctive,Laborer
Intelligent,Lace
Interesting,Ladybug
Internal,Lake
Invincible,Lamp
Irate,Land
Irritating,Language
Itchy,Laugh
Jaded,Lawyer
Jagged,Lead
Jazzy,Leaf
Jealous,Learning
Jittery,Leather
Jobless,Leg
Jolly,Legs
Joyous,Letter
Judicious,Letters
Knotty,Lettuce
Knowing,Level
Knowledgeable,Library
Known,Lift
Last,Light
Late,Limit
Laughable,Line
Lavish,Linen
Lazy,Lip
Lean,Liquid
Learned,List
Left,Lizards
Legal,Loaf
Lethal,Lock
Level,Locket
Lewd,Look
Light,Loss
Like,Love
Little,Low
Lively,Lumber
Lively,Lunch
Living,Lunchroom
Lonely,Machine
Long,Magic
Longing,Maid
Long-Term,Mailbox
Loose,Man
Lopsided,Manager
Loud,Map
Loutish,Marble
Lovely,Mark
Loving,Market
Low,Mask
Lowly,Mass
Lucky,Match
Ludicrous,Meal
Lumpy,Measure
Lush,Meat
Luxuriant,Meeting
Lying,Memory
Lyrical,Men
Macabre,Metal
Macho,Mice
Maddening,Middle
Madly,Milk
Magenta,Mind
Magical,Mine
Magnificent,Minister
Majestic,Mint
Makeshift,Minute
Male,Mist
Malicious,Mitten
Mammoth,Mom
Maniacal,Money
Many,Monkey
Marked,Month
Massive,Moon
Married,Morning
Marvelous,Mother
Material,Motion
Materialistic,Mountain
Mature,Mouth
Mean,Move
Moldy,Muscle
Momentous,Music
Motionless,Nail
Mountainous,Name
Muddled,Nation
Mundane,Neck
Murky,Need
Mushy,Needle
Mute,Nerve
Mysterious,Nest
Naive,Net
Nappy,News
Narrow,Night
Nasty,Noise
Natural,North
Naughty,Nose
Nauseating,Note
Near,Notebook
Neat,Number
Nebulous,Nut
Necessary,Oatmeal
Normal,Observation
Nostalgic,Ocean
Nosy,Offer
Noxious,Office
Null,Oil
Numberless,Operation
Numerous,Opinion
Nutritious,Orange
Nutty,Oranges
Oafish,Order
Obedient,Organization
Obeisant,Ornament
Obese,Oven
Obnoxious,Owl
Obscene,Owner
Obsequious,Page
Observant,Pail
Obsolete,Pain
Obtainable,Paint
Oceanic,Pan
Ordinary,Pancake
Organic,Paper
Ossified,Parcel
Outgoing,Parent
Outrageous,Park
Outstanding,Part
Oval,Partner
Overconfident,Party
Overjoyed,Passenger
Overrated,Paste
Overt,Patch
Overwrought,Payment
Painful,Peace
Painstaking,Pear
Pale,Pen
Paltry,Pencil
Panicky,Person
Panoramic,Pest
Parallel,Pet
Parched,Pets
Parsimonious,Pickle
Past,Picture
Pastoral,Pie
Pathetic,Pies
Peaceful,Pig
Penitent,Pigs
Perfect,Pin
Periodic,Pipe
Permissible,Pizzas
Perpetual,Place
Petite,Plane
Petite,Planes
Phobic,Plant
Physical,Plantation
Picayune,Plants
Pink,Plastic
Piquant,Plate
Placid,Play
Plain,Playground
Plant,Pleasure
Plastic,Plot
Plausible,Plough
Pleasant,Pocket
Plucky,Point
Pointless,Poison
Poised,Police
Polite,Polish
Political,Pollution
Poor,Popcorn
Possessive,Porter
Possible,Position
Powerful,Pot
Productive,Potato
Profuse,Powder
Protective,Power
Proud,Price
Psychedelic,Print
Psychotic,Prison
Public,Process
Puffy,Produce
Pumped,Profit
Puny,Property
Purple,Prose
Purring,Protest
Pushy,Pull
Puzzled,Pump
Puzzling,Punishment
Quack,Purpose
Quaint,Push
Quarrelsome,Quarter
Questionable,Quartz
Quick,Queen
Quickest,Question
Quiet,Quicksand
Quirky,Quiet
Quixotic,Quill
Quizzical,Quilt
Rabid,Quince
Racial,Quiver
Ragged,Rabbit
Rainy,Rabbits
Rambunctious,Rail
Rampant,Railway
Rapid,Rain
Rare,Rainstorm
Raspy,Rake
Ratty,Range
Ready,Rat
Real,Rate
Rebel,Ray
Receptive,Reaction
Recondite,Reading
Red,Reason
Redundant,Receipt
Reflective,Recess
Regular,Record
Relieved,Regret
Remarkable,Relation
Reminiscent,Religion
Repulsive,Representative
Resolute,Request
Resonant,Respect
Responsible,Rest
Rhetorical,Reward
Rich,Rhythm
Right,Rice
Righteous,Riddle
Rightful,Rifle
Rigid,Ring
Ripe,Rings
Ritzy,River
Roasted,Road
Robust,Robin
Romantic,Rock
Roomy,Rod
Rotten,Roll
Rough,Roof
Sad,Room
Safe,Root
Salty,Rose
Same,Route
Sassy,Rub
Satisfying,Rule
Savory,Run
Scandalous,Sack
Scarce,Sail
Scared,Salt
Scary,Sand
Scattered,Scale
Scientific,Scarecrow
Scintillating,Scarf
Scrawny,Scene
Screeching,Scent
Second,School
Second-Hand,Science
Secret,Scissors
Secretive,Screw
Sedate,Sea
Seemly,Seashore
Selective,Seat
Selfish,Secretary
Separate,Seed
Serious,Selection
Shaggy,Self
Shaky,Sense
Shallow,Servant
Sharp,Shade
Shiny,Shake
Shivering,Shame
Shocking,Shape
Short,Sheep
Shrill,Sheet
Shut,Shelf
Shy,Ship
Sick,Shirt
Silent,Shock
Silent,Shoe
Silky,Shoes
Silly,Shop
Simple,Show
Simplistic,Side
Sincere,Sidewalk
Six,Sign
Skillful,Silk
Skinny,Silver
Sleepy,Sink
Slim,Sister
Slimy,Sisters
Slippery,Size
Sloppy,Skate
Slow,Skin
Small,Skirt
Smart,Sky
Smelly,Slave
Smiling,Sleep
Smoggy,Sleet
Smooth,Slip
Sneaky,Slope
Snobbish,Smash
Snotty,Smell
Soft,Smile
Soggy,Smoke
Solid,Snail
Somber,Snails
Sophisticated,Snake
Sordid,Snakes
Sore,Sneeze
Sore,Snow
Sour,Soap
Sparkling,Society
Special,Sock
Spectacular,Soda
Spicy,Sofa
Spiffy,Son
Spiky,Song
Spiritual,Songs
Spiteful,Sort
Splendid,Sound
Spooky,Soup
Spotless,Space
Spotted,Spade
Spotty,Spark
Spurious,Spiders
Squalid,Sponge
Square,Spoon
Squealing,Spot
Squeamish,Spring
Staking,Spy
Stale,Square
Standing,Squirrel
Statuesque,Stage
Steadfast,Stamp
Steady,Star
Steep,Start
Stereotyped,Statement
Sticky,Station
Stiff,Steam
Stimulating,Steel
Stingy,Stem
Stormy,Step
Straight,Stew
Strange,Stick
Striped,Sticks
Strong,Stitch
Stupendous,Stocking
Stupid,Stomach
Sturdy,Stone
Subdued,Stop
Subsequent,Store
Substantial,Story
Successful,Stove
Succinct,Stranger
Sudden,Straw
Sulky,Stream
Super,Street
Superb,Stretch
Superficial,String
Supreme,Structure
Swanky,Substance
Sweet,Sugar
Sweltering,Suggestion
Swift,Suit
Symptomatic,Summer
Taboo,Sun
Tacit,Support
Tacky,Surprise
Talented,Sweater
Tall,Swim
Tame,Swing
Tan,System
Tangible,Table
Tangy,Tail
Tart,Talk
Tasteful,Tank
Tasteless,Taste
Tasty,Tax
Tawdry,Teaching
Tearful,Team
Tedious,Teeth
Teeny,Temper
Teeny-Tiny,Tendency
Telling,Tent
Temporary,Territory
Ten,Test
Tender,Texture
Tense,Theory
Tense,Thing
Tenuous,Things
Terrible,Thought
Terrific,Thread
Tested,Thrill
Testy,Throat
Thankful,Throne
Therapeutic,Thumb
Thick,Thunder
Thin,Ticket
Thinkable,Tiger
Third,Time
Thirsty,Tin
Thirsty,Title
Thoughtful,Toad
Thoughtless,Toe
Threatening,Toes
Three,Tomatoes
Thundering,Tongue
Tidy,Tooth
Tight,Toothbrush
Tightfisted,Toothpaste
Tiny,Top
Tired,Touch
Tiresome,Town
Toothsome,Toy
Torpid,Toys
Tough,Trade
Towering,Trail
Tranquil,Train
Trashy,Trains
Tremendous,Tramp
Tricky,Transport
Trite,Tray
Troubled,Treatment
Truculent,Tree
Truthful,Trees
Two,Trick
Typical,Trip
Synonymous,Trouble
Ubiquitous,Trousers
Ugliest,Truck
Ugly,Trucks
Ultra,Tub
Unable,Turkey
Unaccountable,Turn
Unadvised,Twig
Unarmed,Twist
Unbecoming,Umbrella
Unbiased,Uncle
Uncovered,Underwear
Understood,Unit
Undesirable,Use
Unequal,Vacation
Unequaled,Value
Uneven,Van
Unhealthy,Vase
Uninterested,Vegetable
Unique,Veil
Unkempt,Vein
Unknown,Verse
Unnatural,Vessel
Unruly,Vest
Unsightly,View
Unsuitable,Visitor
Untidy,Voice
Unused,Volcano
Unusual,Volleyball
Unwieldy,Voyage
Unwritten,Walk
Upbeat,Wall
Uppity,War
Upset,Wash
Uptight,Waste
Used,Watch
Useful,Water
Useless,Wave
Utopian,Waves
Utter,Wax
Uttermost,Way
Victorious,Wealth
Vigorous,Weather
Violent,Week
Violet,Weight
Wasteful,Wheel
Watery,Whip
Weak,Whistle
Wealthy,Wilderness
Weary,Wind
Well-Groomed,Window
Well-Made,Wine
Well-Off,Wing
Well-To-Do,Winter
Wet,Wire
Whimsical,Wish
Whispering,Woman
Woebegone,Women
Womanly,Wood
Wonderful,Wool
Wooden,Word
Woozy,Work
Workable,Worm
Worried,Wound
Worthless,Wren
Wrathful,Wrench
Wretched,Wrist
Wrong,Writer
Wry,Writing
Xenophobic,Yak
Yellow,Yam
Yielding,Yard
Young,Yarn
Youthful,Year
Yummy,Yoke
Zany,Zebra
Zealous,Zephyr
Zesty,Zinc
Zippy,Zipper
Zonked,Zoo
